{
    "intents": [{
            "tag": "greeting",
            "patterns": ["Hi", "How are you", "Is anyone there?", "Hello", "Good day"],
            "responses": ["Hey I'm Sara, how can I help you? ", "Hello, thanks for visiting", "Good to see you again", "Hi there, how can I help?"],
            "context": [""]
        },

        {
            "tag": "goodbye",
            "patterns": ["Bye", "See you later", "Goodbye"],
            "responses": ["See you later, thanks for visiting", "Have a nice day", "Bye! Come back again soon."],
            "context": [""]
        },

        {
            "tag": "thanks",
            "patterns": ["Thanks", "Thank you", "That's helpful"],
            "responses": ["Happy to help!", "Any time!", "My pleasure"],
            "context": [""]
        },
        {
            "tag": "conversationa",
            "patterns": ["How are you?", "Hw are u?", "How are you goin?"],
            "responses": ["I'm fine what about you?", "I'm okay and  you?"],
            "context": [""]
        },
        {
            "tag": "conversationb",
            "patterns": ["How is the weather", "Hw is the weather?"],
            "responses": ["I can't tell. It's always dark where I am"],
            "context": [""]
        },
        {
            "tag": "conversationc",
            "patterns": ["What are you doing?"],
            "responses": ["I'm waiting for you to ask me DCIT specific question. Can you hurry up my movie is about to start?"],
            "context": [""]
        },
        {
            "tag": "conversationd",
            "patterns": ["What is your purpose?", "What is ur purpose?", "Wat is ur purpose?"],
            "responses": ["To answer your DCIT related questions"],
            "context": [""]
        },
        {
            "tag": "hours",
            "patterns": ["What hours are you open?", "What are your hours?", "When are you open?"],
            "responses": ["We're open Monday-Friday 8am-4pm", "Our hours are 8am-4pm Monday-Friday"],
            "context": [""]
        },

        {
            "tag": "name",
            "patterns": ["What is your name?", "Do you have a name?"],
            "responses": ["My name is Sara", "Yes I do. My name is Sara "],
            "context": [""]
        },

        {
            "tag": "human",
            "patterns": ["Are you human?", "Are you alive?"],
            "responses": ["No I'm just a friendly bot", "No I am not. I'm just a chat bot"],
            "context": [""]
        },

        {
            "tag": "not_helpful",
            "patterns": ["This was not helpful.", "Can I get real help?", "Can I talk to someone else besides you?"],
            "responses": ["Sorry I could not help you. Please click the link, fill out the information and someone would contact you as soon as possible"],
            "context": [""]
        },

        {
            "tag": "internship",
            "patterns": ["Does DCIT have internships programs?", "Does DCIT offer internships?"],
            "responses": ["Yes, please click the link to see more: https://sta.uwi.edu/fst/dcit/programmes/internship-home", "Yes, please click the link to see more: https://sta.uwi.edu/fst/dcit/programmes/internship-home"],
            "context": [""]
        },

        {
            "tag": "internship_credits",
            "patterns": ["How many credits are awarded for an internship?"],
            "responses": ["Students can choose between the 3 credits internship or 6 credits internship."],
            "context": [""]
        },

        {
            "tag": "internship_lenght",
            "patterns": ["How long are the internships?"],
            "responses": ["The 3 credits internship runs for 6 weeks and the 6 credits is conducted over the entire ‘summer’ vacation."],
            "context": [""]
        },

        {
            "tag": "internship_deadline",
            "patterns": ["When is the application deadline?"],
            "responses": ["29th February, 2020"],
            "context": [""]
        },

        {
            "tag": "internship_requirments",
            "patterns": ["What are the requirements for applying for the internship programme?"],
            "responses": ["Both the 6 credits and 3 credits internship courses require Information System Development (INFO 2600) or Software Engineering (COMP2606)."],
            "context": [""]
        },

        {
            "tag": "summer_start",
            "patterns": ["When does summer school start?"],
            "responses": ["For Academic Year 2019-2020 summer session begins May 24th 2020."],
            "context": [""]
        },

        {
            "tag": "summer_end",
            "patterns": ["When does summer end?"],
            "responses": ["For academic year 2019-2020 summer session ends July 31st 2020."],
            "context": [""]
        },

        {
            "tag": "summer_courses",
            "patterns": ["What courses are offered in this summer?"],
            "responses": ["Varies each year based on demand and resources available"],
            "context": [""]
        },

        {
            "tag": "summer_cost",
            "patterns": ["How much for a course?", "What is the price of a summer course?"],
            "responses": ["For summer 2019 the cost per course was TT$1,600 + $100 registration fee."],
            "context": [""]
        },

        {
            "tag": "credit",
            "patterns": ["How much for a credit?", "What is the price per credit of a semester course?"],
            "responses": ["$350.00. Please consult the undergraduate fee booklet for more details: https://sta.uwi.edu/resources/documents/UndergraduateFeeBklt.pdf"],
            "context": [""]
        },

        {
            "tag": "courses_offered",
            "patterns": ["What a the courses offered this semester?"],
            "responses": ["Courses vary each year based on demand and resources available"],
            "context": [""]
        },

        {
            "tag": "first_class",
            "patterns": ["What gpa do I need to graduate with first class honours?"],
            "responses": ["3.60-4.30"],
            "context": [""]
        },

        {
            "tag": "second_class",
            "patterns": ["What gpa do I need to graduate with second class honours?"],
            "responses": ["3.60-4.30"],
            "context": [""]
        },

        {
            "tag": "gpa",
            "patterns": ["What gpa do I need to graduate?"],
            "responses": ["2.0"],
            "context": [""]
        },

        {
            "tag": "graduation",
            "patterns": ["Do you have to apply to graduate?"],
            "responses": ["You are required to check with your Faculty Office. If your academic record indicates that you have completed the requirements, you will be been awarded."],
            "context": [""]
        },

        {
            "tag": "graduate",
            "patterns": ["How to apply to graduate?"],
            "responses": ["https://sta.uwi.edu/graduation/"],
            "context": [""]
        },

        {
            "tag": "credits",
            "patterns": ["How much credits I need to graduate?"],
            "responses": ["93 credits"],
            "context": [""]
        },

        {
            "tag": "graduate",
            "patterns": ["Who is the head of department?"],
            "responses": ["Dr. Wayne Goodridge"],
            "context": [""]
        },

        {
            "tag": "oral_exam",
            "patterns": ["How to apply for an oral exam?"],
            "responses": ["A student may be granted permission by the Board of Examiners to sit supplementary oral examinations. The candidate must have completed all Level 1 requirements and passed a minimum of 30 Levels II/III credits."],
            "context": [""]
        },

        {
            "tag": "academic_advising",
            "patterns": ["When is academic advising ?"],
            "responses": ["https://sta.uwi.edu/fst/sites/default/files/fst/documents/FST%27s%20Academic%20Advising%20Schedules%20%20Sem%20II%202019-2020_v2.pdf"],
            "context": [""]
        },

        {
            "tag": "help_desk ",
            "patterns": ["WWhat are the help desk hours?"],
            "responses": ["The Help Desk is available from Monday to Friday at various times."],
            "context": [""]
        },

        {
            "tag": "absence",
            "patterns": ["What a requirements for a leave of absence?"],
            "responses": ["https://sta.uwi.edu/admissions/undergrad/faqs_absence.asp"],
            "context": [""]
        },

        {
            "tag": "change",
            "patterns": ["Can I change my degree?"],
            "responses": ["Yes"],
            "context": [""]
        },

        {
            "tag": "department ",
            "patterns": ["Can I change my department?"],
            "responses": ["Yes"],
            "context": [""]
        },

        {
            "tag": "process",
            "patterns": ["What a the process to change my degree?"],
            "responses": ["An email from your student email should be sent to Mrs. Patricia Brown, Senior Assistant, Registrar - Recruitment & Enrollment, Student Affairs (Admissions),E-mail:patricia.brown@sta.uwi.edu | Tel/ext: (868)-662-2002 ext.82154"],
            "context": [""]
        },

        {
            "tag": "clubs",
            "patterns": ["List the department clubs and societies?"],
            "responses": ["UWICS"],
            "context": [""]
        },

        {
            "tag": "prerequisite",
            "patterns": ["Can I do a course and the prerequisite together?"],
            "responses": ["No"],
            "context": [""]
        },

        {
            "tag": "regiproc",
            "patterns": ["What is the registration process?"],
            "responses": ["https://sta.uwi.edu/admissions/undergrad/faqs_registration.asp"],
            "context": [""]
        }
    ]
}