{
    "intents": [{
            "tag": "greeting",
            "patterns": ["Hi", "How are you", "Is anyone there?", "Hello", "Good day"],
            "responses": ["Hello, thanks for visiting", "Good to see you again", "Hi there, how can I help?"],
            "context": [""]
        },
        {
            "tag": "goodbye",
            "patterns": ["Bye", "See you later", "Goodbye"],
            "responses": ["See you later, thanks for visiting", "Have a nice day", "Bye! Come back again soon."],
            "context": [""]
        },
        {
            "tag": "thanks",
            "patterns": ["Thanks", "Thank you", "That's helpful"],
            "responses": ["Happy to help!", "Any time!", "My pleasure"],
            "context": [""]
        },
        {
            "tag": "hours",
            "patterns": ["What hours are you open?", "What are your hours?", "When are you open?"],
            "responses": ["We're open every day 9am-9pm", "Our hours are 9am-9pm every day"],
            "context": [""]
        },
        {
            "tag": "payments",
            "patterns": ["Do you take credit cards?", "Do you accept Mastercard?", "Are you cash only?"],
            "responses": ["We accept VISA, Mastercard and AMEX", "We accept most major credit cards"],
            "context": [""]
        },
        {
            "tag": "opentoday",
            "patterns": ["Are you open today?", "When do you open today?", "What are your hours today?"],
            "responses": ["We're open every day from 9am-9pm", "Our hours are 9am-9pm every day"],
            "context": [""]
        }
    ]
}